{
  "hash": "542fe5b2",
  "configHash": "dc21fda8",
  "lockfileHash": "23eebafd",
  "browserHash": "cc6c9c03",
  "optimized": {
    "@angular/common": {
      "src": "../../../../../../node_modules/@angular/common/fesm2022/common.mjs",
      "file": "@angular_common.js",
      "fileHash": "324a2474",
      "needsInterop": false
    },
    "@angular/common/http": {
      "src": "../../../../../../node_modules/@angular/common/fesm2022/http.mjs",
      "file": "@angular_common_http.js",
      "fileHash": "d11c6c92",
      "needsInterop": false
    },
    "@angular/core": {
      "src": "../../../../../../node_modules/@angular/core/fesm2022/core.mjs",
      "file": "@angular_core.js",
      "fileHash": "7d500826",
      "needsInterop": false
    },
    "@angular/forms": {
      "src": "../../../../../../node_modules/@angular/forms/fesm2022/forms.mjs",
      "file": "@angular_forms.js",
      "fileHash": "7f6d5c79",
      "needsInterop": false
    },
    "@angular/platform-browser": {
      "src": "../../../../../../node_modules/@angular/platform-browser/fesm2022/platform-browser.mjs",
      "file": "@angular_platform-browser.js",
      "fileHash": "eb40ee3c",
      "needsInterop": false
    }
  },
  "chunks": {
    "chunk-QFYPDF33": {
      "file": "chunk-QFYPDF33.js"
    },
    "chunk-UEHWNTFI": {
      "file": "chunk-UEHWNTFI.js"
    },
    "chunk-FYTLGAJI": {
      "file": "chunk-FYTLGAJI.js"
    }
  }
}